<hibernate-configuration>
	<session-factory>
		<property name="connection.driver_class">com.mysql.cj.jdbc.Driver</property>
		<property name="connection.url">jdbc:mysql://localhost:3306/hibernate_crud2?useSSL=false</property>
		<property name="connection.username">root</property>
		<property name="connection.password">MySQL_@123456</property>
		<property name ="hibernate.hbm2ddl.auto">create</property>
		<!-- <property name="connection.pool_size">1</property> -->
		<property name="dialect">org.hibernate.dialect.MySQL8Dialect</property>
		<property name="show_sql">true</property>
		<property name ="format_sql">true</property>
		<property name="current_session_context_class">thread</property>
	</session-factory>
</hibernate-configuration>