<?xml version="1.0" encoding="UTF-8"?>
<beans xmlns="http://www.springframework.org/schema/beans"
	xmlns:xsi="http://www.w3.org/2001/XMLSchema-instance" 
	xmlns:context="http://www.springframework.org/schema/context"
	xmlns:mvc="http://www.springframework.org/schema/mvc"
	xsi:schemaLocation="
		http://www.springframework.org/schema/beans
    	http://www.springframework.org/schema/beans/spring-beans.xsd
    	http://www.springframework.org/schema/context
    	http://www.springframework.org/schema/context/spring-context.xsd
    	http://www.springframework.org/schema/mvc
        http://www.springframework.org/schema/mvc/spring-mvc.xsd">

	<!--  Add support for component scanning -->
	<context:component-scan base-package="com.gl.crm" />

	
	<!--  Define Spring MVC view resolver -->
	<bean
		class="org.springframework.web.servlet.view.InternalResourceViewResolver">
		  <property name="prefix" value="/WEB-INF/view/" />
		  <property name="suffix" value=".jsp" />
	</bean>
	
	<bean
		class="org.springframework.jdbc.datasource.DriverManagerDataSource"
		id="dataSource">
		  <property name="driverClassName" value="com.mysql.jdbc.Driver"></property>
		  <property name="url" value="jdbc:mysql://localhost:3306/web_customer_tracker"></property>
		  <property name="username" value="root"></property>
		   <property name="password" value="MySQL_@123456"></property>
	</bean>
	
	<bean id="sessionFactory"
	class="org.springframework.orm.hibernate5.LocalSessionFactoryBean">
	<property name="dataSource" ref="dataSource"></property>
	<property name ="annotatedClasses">
	<list>
	<value>com.gl.crm.entity.Customer</value>
	</list>
	</property>
	<property name="hibernateProperties">
			<props>
				<prop key="hibernate.dialect">org.hibernate.dialect.MySQL8Dialect</prop>
				<prop key="hibernate.show_sql">true</prop>
				<prop key="hibernate.hbm2ddl.auto">update</prop>
			</props>
		</property>
	</bean>
	
	<bean id="myTransactionManager"
	class="org.springframework.orm.hibernate5.HibernateTransactionManager">
	<property name="sessionFactory" ref="sessionFactory" />
	</bean>


</beans>





